LCS_Length,Generation_Time,LCS_Calculation_Time
0,0.000000,0.000000
2,0.000000,0.000000
3,0.000000,0.000000
9,0.000000,0.000000
14,0.000000,0.000000
16,0.000000,0.000000
46,0.000000,0.001000
67,0.000000,0.001000
76,0.000000,0.003000
93,0.000000,0.002000
104,0.000000,0.003000
126,0.000000,0.005000
140,0.000000,0.004000
154,0.000000,0.006000
