String Length,Execution Time (seconds)
4,0.000000
6,0.000000
8,0.000000
10,0.003000
12,0.080000
14,0.878000
16,16.123000
18,232.427000
