String Length,Time (seconds)
4,0.000000
5,0.000000
6,0.002000
7,0.046000
8,0.644000
9,8.133000
10,262.168000
